{
	"info": {
		"_postman_id": "b3e43f57-a7f7-4671-a532-3659bee0bb9a",
		"name": "Delilah_resto",
		"schema": "https://schema.getpostman.com/json/collection/v2.1.0/collection.json"
	},
	"item": [
		{
			"name": "ordenes",
			"request": {
				"method": "GET",
				"header": [],
				"url": {
					"raw": "http://localhost:3010/orders",
					"protocol": "http",
					"host": [
						"localhost"
					],
					"port": "3010",
					"path": [
						"orders"
					]
				}
			},
			"response": []
		},
		{
			"name": "Get productos",
			"request": {
				"method": "GET",
				"header": [],
				"url": {
					"raw": "http://localhost:3010/productos",
					"protocol": "http",
					"host": [
						"localhost"
					],
					"port": "3010",
					"path": [
						"productos"
					]
				}
			},
			"response": []
		},
		{
			"name": "Post productos",
			"request": {
				"method": "POST",
				"header": [],
				"body": {
					"mode": "raw",
					"raw": "{\r\n    \"product_name\": \"Perro caliente\",\r\n    \"product_description\": \"Pan de ajonjolí con salchicha\",\r\n    \"price\": \"300\", \r\n    \"image_url\": \"https://cdn.shopify.com/s/files/1/1044/8640/articles/07292017_01_portada_1024x1024.png?v=1502731526\"\r\n}",
					"options": {
						"raw": {
							"language": "json"
						}
					}
				},
				"url": {
					"raw": "http://localhost:3010/productos",
					"protocol": "http",
					"host": [
						"localhost"
					],
					"port": "3010",
					"path": [
						"productos"
					]
				}
			},
			"response": []
		},
		{
			"name": "Put productos",
			"request": {
				"method": "PUT",
				"header": [],
				"body": {
					"mode": "raw",
					"raw": "{\r\n    \"product_name\": \"Te helado\",\r\n    \"product_description\": \"Sabor durazno\",\r\n    \"price\": \"150\", \r\n    \"image_url\": \"https://mundosjumbo.cl/wp-content/uploads/2018/01/iStock-530186688-720x355.jpg\"\r\n}",
					"options": {
						"raw": {
							"language": "json"
						}
					}
				},
				"url": {
					"raw": "http://localhost:3010/productos/9",
					"protocol": "http",
					"host": [
						"localhost"
					],
					"port": "3010",
					"path": [
						"productos",
						"9"
					]
				}
			},
			"response": []
		},
		{
			"name": "Delete productos",
			"request": {
				"method": "DELETE",
				"header": [],
				"url": {
					"raw": "http://localhost:3010/productos/9",
					"protocol": "http",
					"host": [
						"localhost"
					],
					"port": "3010",
					"path": [
						"productos",
						"9"
					]
				}
			},
			"response": []
		},
		{
			"name": "Get usuarios",
			"request": {
				"method": "GET",
				"header": [],
				"url": {
					"raw": "http://localhost:3010/usuarios",
					"protocol": "http",
					"host": [
						"localhost"
					],
					"port": "3010",
					"path": [
						"usuarios"
					]
				}
			},
			"response": []
		},
		{
			"name": "Post Usuarios",
			"request": {
				"method": "POST",
				"header": [],
				"body": {
					"mode": "raw",
					"raw": "{\r\n    \"user_name\":\"Ricardo\",\r\n    \"full_name\":\"Ricardo Soto\",\r\n    \"email\":\"ricardo@gmail.com\",\r\n    \"phone\":\"31223254329\",\r\n    \"address\":\"calle121#45-68\",\r\n    \"password\":\"sena\"\r\n}",
					"options": {
						"raw": {
							"language": "json"
						}
					}
				},
				"url": {
					"raw": "http://localhost:3010/usuarios",
					"protocol": "http",
					"host": [
						"localhost"
					],
					"port": "3010",
					"path": [
						"usuarios"
					]
				}
			},
			"response": []
		},
		{
			"name": "Post login",
			"request": {
				"method": "POST",
				"header": [],
				"body": {
					"mode": "raw",
					"raw": "{\r\n    \"user_name\": \"maria@gmail.com\",\r\n    \"password\": \"sena\"\r\n}",
					"options": {
						"raw": {
							"language": "json"
						}
					}
				},
				"url": {
					"raw": "http://localhost:3010/login",
					"protocol": "http",
					"host": [
						"localhost"
					],
					"port": "3010",
					"path": [
						"login"
					]
				}
			},
			"response": []
		},
		{
			"name": "Put Usuarios",
			"request": {
				"method": "PUT",
				"header": [],
				"body": {
					"mode": "raw",
					"raw": "{\r\n    \"user_id\": 13,\r\n    \"user_name\": \"Ricardo\",\r\n    \"full_name\": \"Ricardo Soto Reyes\",\r\n    \"email\": \"ricardo@gmail.com\",\r\n    \"phone\": \"31223254329\",\r\n    \"address\": \"calle121#45-68\",\r\n    \"creation_date\": \"2020-09-20T22:26:20.000Z\"\r\n}",
					"options": {
						"raw": {
							"language": "json"
						}
					}
				},
				"url": {
					"raw": "http://localhost:3010/usuarios/13",
					"protocol": "http",
					"host": [
						"localhost"
					],
					"port": "3010",
					"path": [
						"usuarios",
						"13"
					]
				}
			},
			"response": []
		},
		{
			"name": "Delete usuarios",
			"request": {
				"method": "DELETE",
				"header": [],
				"url": {
					"raw": ""
				}
			},
			"response": []
		},
		{
			"name": "Put Contraseña",
			"request": {
				"auth": {
					"type": "bearer",
					"bearer": [
						{
							"key": "token",
							"value": "eyJhbGciOiJIUzI1NiIsInR5cCI6IkpXVCJ9.eyJpZCI6Niwicm9sZSI6IlVzZXIiLCJmdWxsX25hbWUiOiJEaWVnbyBSdWl6IiwiaWF0IjoxNjAzNjY5ODQ5fQ.jraiothQ28Jc25EDB9OzOXeWTtCSqLOeN_RkihRaMHc",
							"type": "string"
						}
					]
				},
				"method": "PUT",
				"header": [],
				"body": {
					"mode": "raw",
					"raw": "{\r\n  \"password\": \"string\",\r\n  \"confirmPassword\": \"string\"\r\n}",
					"options": {
						"raw": {
							"language": "json"
						}
					}
				},
				"url": {
					"raw": "http://localhost:3010/usuarios/password/6",
					"protocol": "http",
					"host": [
						"localhost"
					],
					"port": "3010",
					"path": [
						"usuarios",
						"password",
						"6"
					]
				}
			},
			"response": []
		},
		{
			"name": "Post ordenes",
			"request": {
				"method": "POST",
				"header": [],
				"body": {
					"mode": "raw",
					"raw": "{\r\n    \"user_id\":1,\r\n    \"payment_method_id\":1,\r\n    \"detail\":\r\n    [\r\n        {\r\n            \"product_id\":1, \r\n            \"product_name\":\"Bagel de salmón\",\r\n            \"price\":425, \r\n            \"quantity\":1\r\n        }\r\n    ]\r\n}",
					"options": {
						"raw": {
							"language": "json"
						}
					}
				},
				"url": {
					"raw": "http://localhost:3010/ordenes",
					"protocol": "http",
					"host": [
						"localhost"
					],
					"port": "3010",
					"path": [
						"ordenes"
					]
				}
			},
			"response": []
		},
		{
			"name": "Get Status",
			"request": {
				"method": "GET",
				"header": [],
				"url": {
					"raw": "http://localhost:3010/status",
					"protocol": "http",
					"host": [
						"localhost"
					],
					"port": "3010",
					"path": [
						"status"
					]
				}
			},
			"response": []
		},
		{
			"name": "Get Metodospago",
			"request": {
				"method": "GET",
				"header": [],
				"url": {
					"raw": "http://localhost:3010/metodospago",
					"protocol": "http",
					"host": [
						"localhost"
					],
					"port": "3010",
					"path": [
						"metodospago"
					]
				}
			},
			"response": []
		},
		{
			"name": "Put order",
			"request": {
				"auth": {
					"type": "bearer",
					"bearer": [
						{
							"key": "token",
							"value": "eyJhbGciOiJIUzI1NiIsInR5cCI6IkpXVCJ9.eyJpZCI6MSwicm9sZSI6IkFkbWluIiwiZnVsbF9uYW1lIjoiTHV6IFN0ZWxsYSBTb3RvIEciLCJpYXQiOjE2MDM2NDg2NjB9.wfoW0shAJUA-l0VybmQlTA45g_GtHNNGcJZX29D1sJg",
							"type": "string"
						}
					]
				},
				"method": "PUT",
				"header": [],
				"body": {
					"mode": "raw",
					"raw": "{\r\n     \"status_id\": 4,\r\n     \"order_id\": 3\r\n}",
					"options": {
						"raw": {
							"language": "json"
						}
					}
				},
				"url": {
					"raw": "http://localhost:3010/ordenes",
					"protocol": "http",
					"host": [
						"localhost"
					],
					"port": "3010",
					"path": [
						"ordenes"
					]
				}
			},
			"response": []
		},
		{
			"name": "Get order",
			"protocolProfileBehavior": {
				"disableBodyPruning": true
			},
			"request": {
				"auth": {
					"type": "bearer",
					"bearer": [
						{
							"key": "token",
							"value": "eyJhbGciOiJIUzI1NiIsInR5cCI6IkpXVCJ9.eyJpZCI6Miwicm9sZSI6IlVzZXIiLCJmdWxsX25hbWUiOiJNaXNpdG8gUnVpeiBTb3RvIiwiaWF0IjoxNjAzNjY4Mzk4fQ.aMvQs29tSZqfQfyMjf0rH0K2vN5ahebbpDdh5cAHOOc",
							"type": "string"
						}
					]
				},
				"method": "GET",
				"header": [],
				"body": {
					"mode": "raw",
					"raw": "",
					"options": {
						"raw": {
							"language": "json"
						}
					}
				},
				"url": {
					"raw": "http://localhost:3010/ordenes/4",
					"protocol": "http",
					"host": [
						"localhost"
					],
					"port": "3010",
					"path": [
						"ordenes",
						"4"
					]
				}
			},
			"response": []
		}
	],
	"protocolProfileBehavior": {}
}